Workbook
Name v_auto: '1. Rasgos manuales'!$B$7:$G$7
Name v_conejo: '1. Rasgos manuales'!$B$6:$G$6
Name v_gato: '1. Rasgos manuales'!$B$5:$G$5
Name v_perro: '1. Rasgos manuales'!$B$4:$G$4

Sheet Instrucciones
A1: Cómo construir un modelo de embeddings en Excel — perro, gato, conejo y auto
A3: Un embedding es solo una lista de números que representa una palabra. Aquí vas a construir dos versiones con la misma idea de fondo: medir qué tan "cerca" están dos palabras comparando sus vectores. Se agregó un cuarto elemento, "auto", que no tiene nada que ver con los animales, para comprobar que el modelo lo nota — y para ver qué pasa cuando no lo nota.
A5: Hoja "1. Rasgos manuales"
A6: Tú eliges las características (tamaño, ruido que hace, etc.) y les pones un puntaje del 1 al 10 a cada palabra. Rápido de armar, pero subjetivo. Incluye la fórmula de similitud coseno explicada paso a paso.
A8: Hoja "2. Corpus"
A9: Un grupo de oraciones de ejemplo que mencionan a los tres animales, más seis oraciones sobre "auto" al final. Esto hace de "datos de entrenamiento".
A11: Hoja "3. Coocurrencia"
A12: El vector de cada palabra se arma contando, con fórmulas, cuántas veces aparece junto a cada palabra de contexto. Así se calculan los embeddings de verdad: nadie los elige a mano, emergen de los datos.
A14: Hoja "4. Qué mejorar"
A15: Un resumen honesto de qué se simplificó en este ejercicio y cómo lo resuelven los modelos de embeddings reales — los mismos que usan ChatGPT, Gemini y Claude.

Sheet 1. Rasgos manuales
A1: Opción A | Rasgos elegidos a mano (rápido, pero subjetivo)
A3: Palabra | B3: Tamaño (1-10) | C3: Hace ruido (1-10) | D3: Necesita paseos (1-10) | E3: Vive en jaula (1-10) | F3: Independencia (1-10) | G3: Cariñoso (1-10)
A4: perro | B4: 7 | C4: 8 | D4: 9 | E4: 1 | F4: 3 | G4: 9
A5: gato | B5: 4 | C5: 4 | D5: 2 | E5: 1 | F5: 8 | G5: 5
A6: conejo | B6: 3 | C6: 1 | D6: 2 | E6: 8 | F6: 5 | G6: 6
A7: auto | B7: 10 | C7: 10 | D7: 0 | E7: 0 | F7: 0 | G7: 0
A10: ¿Qué es la similitud coseno?
A11: similitud(A, B) = (A · B) / (|A| × |B|)
A12: A · B es el producto punto entre los dos vectores: multiplicas cada par de números y sumas (en Excel, SUMPRODUCT). |A| y |B| son el "largo" de cada vector: la raíz cuadrada de la suma de sus números al cuadrado (en Excel, SQRT(SUMSQ)). El resultado va de -1 a 1: 1 significa que los dos vectores apuntan exactamente en la misma dirección, 0 que no comparten ninguna dirección en común, y los negativos que apuntan en direcciones opuestas.
A13: ¿Por qué coseno y no solo distancia? Porque el coseno solo mira la dirección del vector, no su tamaño. Un vector [2,2] y otro [10,10] dan similitud 1: misma dirección, aunque uno sea diez veces "más grande". Eso es justo lo que importa al comparar palabras: el patrón de contextos, no cuántas veces en total aparece cada una.
A15: Matriz de similitud (coseno) — 1 = idénticos, 0 = nada en común
B16: perro | C16: gato | D16: conejo | E16: auto
A17: perro | B17: =SUMPRODUCT($B$4:$G$4,$B$4:$G$4)/(SQRT(SUMSQ($B$4:$G$4))*SQRT(SUMSQ($B$4:$G$4))) -> 1 | C17: =SUMPRODUCT($B$4:$G$4,$B$5:$G$5)/(SQRT(SUMSQ($B$4:$G$4))*SQRT(SUMSQ($B$5:$G$5))) -> 0.78100536 | D17: =SUMPRODUCT($B$4:$G$4,$B$6:$G$6)/(SQRT(SUMSQ($B$4:$G$4))*SQRT(SUMSQ($B$6:$G$6))) -> 0.62300546 | E17: =SUMPRODUCT($B$4:$G$4,$B$7:$G$7)/(SQRT(SUMSQ($B$4:$G$4))*SQRT(SUMSQ($B$7:$G$7))) -> 0.62828086
A18: gato | B18: =SUMPRODUCT($B$5:$G$5,$B$4:$G$4)/(SQRT(SUMSQ($B$5:$G$5))*SQRT(SUMSQ($B$4:$G$4))) -> 0.78100536 | C18: =SUMPRODUCT($B$5:$G$5,$B$5:$G$5)/(SQRT(SUMSQ($B$5:$G$5))*SQRT(SUMSQ($B$5:$G$5))) -> 1 | D18: =SUMPRODUCT($B$5:$G$5,$B$6:$G$6)/(SQRT(SUMSQ($B$5:$G$5))*SQRT(SUMSQ($B$6:$G$6))) -> 0.74051422 | E18: =SUMPRODUCT($B$5:$G$5,$B$7:$G$7)/(SQRT(SUMSQ($B$5:$G$5))*SQRT(SUMSQ($B$7:$G$7))) -> 0.50395263
A19: conejo | B19: =SUMPRODUCT($B$6:$G$6,$B$4:$G$4)/(SQRT(SUMSQ($B$6:$G$6))*SQRT(SUMSQ($B$4:$G$4))) -> 0.62300546 | C19: =SUMPRODUCT($B$6:$G$6,$B$5:$G$5)/(SQRT(SUMSQ($B$6:$G$6))*SQRT(SUMSQ($B$5:$G$5))) -> 0.74051422 | D19: =SUMPRODUCT($B$6:$G$6,$B$6:$G$6)/(SQRT(SUMSQ($B$6:$G$6))*SQRT(SUMSQ($B$6:$G$6))) -> 1 | E19: =SUMPRODUCT($B$6:$G$6,$B$7:$G$7)/(SQRT(SUMSQ($B$6:$G$6))*SQRT(SUMSQ($B$7:$G$7))) -> 0.23990406
A20: auto | B20: =SUMPRODUCT($B$7:$G$7,$B$4:$G$4)/(SQRT(SUMSQ($B$7:$G$7))*SQRT(SUMSQ($B$4:$G$4))) -> 0.62828086 | C20: =SUMPRODUCT($B$7:$G$7,$B$5:$G$5)/(SQRT(SUMSQ($B$7:$G$7))*SQRT(SUMSQ($B$5:$G$5))) -> 0.50395263 | D20: =SUMPRODUCT($B$7:$G$7,$B$6:$G$6)/(SQRT(SUMSQ($B$7:$G$7))*SQRT(SUMSQ($B$6:$G$6))) -> 0.23990406 | E20: =SUMPRODUCT($B$7:$G$7,$B$7:$G$7)/(SQRT(SUMSQ($B$7:$G$7))*SQRT(SUMSQ($B$7:$G$7))) -> 1
A22: Ojo con valor abosluto sobre un valor vs vector

Sheet 2. Corpus
A1: Corpus: oraciones de ejemplo (hacen de "datos de entrenamiento")
A3: # | B3: Oración
A4: 1 | B4: El perro es una mascota muy fiel.
A5: 2 | B5: El gato es una mascota independiente.
A6: 3 | B6: El conejo es una mascota tranquila.
A7: 4 | B7: Llevamos al perro al veterinario.
A8: 5 | B8: Llevamos al gato al veterinario.
A9: 6 | B9: Llevamos al conejo al veterinario.
A10: 7 | B10: El perro vive en mi casa.
A11: 8 | B11: El gato vive en mi casa.
A12: 9 | B12: El conejo vive en una jaula en el patio.
A13: 10 | B13: Le compré comida especial al perro.
A14: 11 | B14: Le compré comida especial al gato.
A15: 12 | B15: Le compré comida especial al conejo.
... A33: 30 | B33: Estaciono el auto en el garaje todas las noches.

Sheet 3. Coocurrencia
A1: Opcion B | El vector de cada palabra = cuántas veces aparece junto a cada palabra de contexto
A3: Palabra | B3: mascota | C3: veterinario | D3: comida | E3: agua | F3: casa | G3: ladra | H3: correa | I3: cola | J3: maúlla | K3: araña | L3: ronronea | M3: jaula | N3: salta | O3: zanahoria | P3: orejas | Q3: gasolina | R3: maneja | S3: ruedas | T3: motor | U3: garaje
A4: perro | B4: =SUMPRODUCT(ISNUMBER(SEARCH($A4,'2. Corpus'!$B$4:$B$33))*ISNUMBER(SEARCH(B$3,'2. Corpus'!$B$4:$B$33))) -> 1 | C4: =SUMPRODUCT(ISNUMBER(SEARCH($A4,'2. Corpus'!$B$4:$B$33))*ISNUMBER(SEARCH(C$3,'2. Corpus'!$B$4:$B$33))) -> 1 | D4: =SUMPRODUCT(ISNUMBER(SEARCH($A4,'2. Corpus'!$B$4:$B$33))*ISNUMBER(SEARCH(D$3,'2. Corpus'!$B$4:$B$33))) -> 1 | E4: =SUMPRODUCT(ISNUMBER(SEARCH($A4,'2. Corpus'!$B$4:$B$33))*ISNUMBER(SEARCH(E$3,'2. Corpus'!$B$4:$B$33))) -> 1 | F4: =SUMPRODUCT(ISNUMBER(SEARCH($A4,'2. Corpus'!$B$4:$B$33))*ISNUMBER(SEARCH(F$3,'2. Corpus'!$B$4:$B$33))) -> 1 | G4: =SUMPRODUCT(ISNUMBER(SEARCH($A4,'2. Corpus'!$B$4:$B$33))*ISNUMBER(SEARCH(G$3,'2. Corpus'!$B$4:$B$33))) -> 1 | H4: =SUMPRODUCT(ISNUMBER(SEARCH($A4,'2. Corpus'!$B$4:$B$33))*ISNUMBER(SEARCH(H$3,'2. Corpus'!$B$4:$B$33))) -> 1 | I4: =SUMPRODUCT(ISNUMBER(SEARCH($A4,'2. Corpus'!$B$4:$B$33))*ISNUMBER(SEARCH(I$3,'2. Corpus'!$B$4:$B$33))) -> 1 | ... U4: =SUMPRODUCT(ISNUMBER(SEARCH($A4,'2. Corpus'!$B$4:$B$33))*ISNUMBER(SEARCH(U$3,'2. Corpus'!$B$4:$B$33))) -> 0
A5: gato | B5: =SUMPRODUCT(ISNUMBER(SEARCH($A5,'2. Corpus'!$B$4:$B$33))*ISNUMBER(SEARCH(B$3,'2. Corpus'!$B$4:$B$33))) -> 1 | C5: =SUMPRODUCT(ISNUMBER(SEARCH($A5,'2. Corpus'!$B$4:$B$33))*ISNUMBER(SEARCH(C$3,'2. Corpus'!$B$4:$B$33))) -> 1 | D5: =SUMPRODUCT(ISNUMBER(SEARCH($A5,'2. Corpus'!$B$4:$B$33))*ISNUMBER(SEARCH(D$3,'2. Corpus'!$B$4:$B$33))) -> 1 | E5: =SUMPRODUCT(ISNUMBER(SEARCH($A5,'2. Corpus'!$B$4:$B$33))*ISNUMBER(SEARCH(E$3,'2. Corpus'!$B$4:$B$33))) -> 1 | F5: =SUMPRODUCT(ISNUMBER(SEARCH($A5,'2. Corpus'!$B$4:$B$33))*ISNUMBER(SEARCH(F$3,'2. Corpus'!$B$4:$B$33))) -> 1 | G5: =SUMPRODUCT(ISNUMBER(SEARCH($A5,'2. Corpus'!$B$4:$B$33))*ISNUMBER(SEARCH(G$3,'2. Corpus'!$B$4:$B$33))) -> 0 | H5: =SUMPRODUCT(ISNUMBER(SEARCH($A5,'2. Corpus'!$B$4:$B$33))*ISNUMBER(SEARCH(H$3,'2. Corpus'!$B$4:$B$33))) -> 0 | I5: =SUMPRODUCT(ISNUMBER(SEARCH($A5,'2. Corpus'!$B$4:$B$33))*ISNUMBER(SEARCH(I$3,'2. Corpus'!$B$4:$B$33))) -> 0 | ... U5: =SUMPRODUCT(ISNUMBER(SEARCH($A5,'2. Corpus'!$B$4:$B$33))*ISNUMBER(SEARCH(U$3,'2. Corpus'!$B$4:$B$33))) -> 0
A6: conejo | B6: =SUMPRODUCT(ISNUMBER(SEARCH($A6,'2. Corpus'!$B$4:$B$33))*ISNUMBER(SEARCH(B$3,'2. Corpus'!$B$4:$B$33))) -> 1 | C6: =SUMPRODUCT(ISNUMBER(SEARCH($A6,'2. Corpus'!$B$4:$B$33))*ISNUMBER(SEARCH(C$3,'2. Corpus'!$B$4:$B$33))) -> 1 | D6: =SUMPRODUCT(ISNUMBER(SEARCH($A6,'2. Corpus'!$B$4:$B$33))*ISNUMBER(SEARCH(D$3,'2. Corpus'!$B$4:$B$33))) -> 1 | E6: =SUMPRODUCT(ISNUMBER(SEARCH($A6,'2. Corpus'!$B$4:$B$33))*ISNUMBER(SEARCH(E$3,'2. Corpus'!$B$4:$B$33))) -> 1 | F6: =SUMPRODUCT(ISNUMBER(SEARCH($A6,'2. Corpus'!$B$4:$B$33))*ISNUMBER(SEARCH(F$3,'2. Corpus'!$B$4:$B$33))) -> 0 | G6: =SUMPRODUCT(ISNUMBER(SEARCH($A6,'2. Corpus'!$B$4:$B$33))*ISNUMBER(SEARCH(G$3,'2. Corpus'!$B$4:$B$33))) -> 0 | H6: =SUMPRODUCT(ISNUMBER(SEARCH($A6,'2. Corpus'!$B$4:$B$33))*ISNUMBER(SEARCH(H$3,'2. Corpus'!$B$4:$B$33))) -> 0 | I6: =SUMPRODUCT(ISNUMBER(SEARCH($A6,'2. Corpus'!$B$4:$B$33))*ISNUMBER(SEARCH(I$3,'2. Corpus'!$B$4:$B$33))) -> 0 | ... U6: =SUMPRODUCT(ISNUMBER(SEARCH($A6,'2. Corpus'!$B$4:$B$33))*ISNUMBER(SEARCH(U$3,'2. Corpus'!$B$4:$B$33))) -> 0
A7: auto | B7: =SUMPRODUCT(ISNUMBER(SEARCH($A7,'2. Corpus'!$B$4:$B$33))*ISNUMBER(SEARCH(B$3,'2. Corpus'!$B$4:$B$33))) -> 0 | C7: =SUMPRODUCT(ISNUMBER(SEARCH($A7,'2. Corpus'!$B$4:$B$33))*ISNUMBER(SEARCH(C$3,'2. Corpus'!$B$4:$B$33))) -> 0 | D7: =SUMPRODUCT(ISNUMBER(SEARCH($A7,'2. Corpus'!$B$4:$B$33))*ISNUMBER(SEARCH(D$3,'2. Corpus'!$B$4:$B$33))) -> 0 | E7: =SUMPRODUCT(ISNUMBER(SEARCH($A7,'2. Corpus'!$B$4:$B$33))*ISNUMBER(SEARCH(E$3,'2. Corpus'!$B$4:$B$33))) -> 0 | F7: =SUMPRODUCT(ISNUMBER(SEARCH($A7,'2. Corpus'!$B$4:$B$33))*ISNUMBER(SEARCH(F$3,'2. Corpus'!$B$4:$B$33))) -> 1 | G7: =SUMPRODUCT(ISNUMBER(SEARCH($A7,'2. Corpus'!$B$4:$B$33))*ISNUMBER(SEARCH(G$3,'2. Corpus'!$B$4:$B$33))) -> 0 | H7: =SUMPRODUCT(ISNUMBER(SEARCH($A7,'2. Corpus'!$B$4:$B$33))*ISNUMBER(SEARCH(H$3,'2. Corpus'!$B$4:$B$33))) -> 0 | I7: =SUMPRODUCT(ISNUMBER(SEARCH($A7,'2. Corpus'!$B$4:$B$33))*ISNUMBER(SEARCH(I$3,'2. Corpus'!$B$4:$B$33))) -> 0 | ... U7: =SUMPRODUCT(ISNUMBER(SEARCH($A7,'2. Corpus'!$B$4:$B$33))*ISNUMBER(SEARCH(U$3,'2. Corpus'!$B$4:$B$33))) -> 1
A10: Misma fórmula que en la Hoja 1: similitud(A, B) = (A · B) / (|A| × |B|) — revisa esa hoja para la explicación completa de cada parte.
A11: Matriz de similitud (coseno), calculada desde el corpus
B12: perro | C12: gato | D12: conejo | E12: auto
A13: perro | B13: =SUMPRODUCT($B$4:$U$4,$B$4:$U$4)/(SQRT(SUMSQ($B$4:$U$4))*SQRT(SUMSQ($B$4:$U$4))) -> 1 | C13: =SUMPRODUCT($B$4:$U$4,$B$5:$U$5)/(SQRT(SUMSQ($B$4:$U$4))*SQRT(SUMSQ($B$5:$U$5))) -> 0.625 | D13: =SUMPRODUCT($B$4:$U$4,$B$6:$U$6)/(SQRT(SUMSQ($B$4:$U$4))*SQRT(SUMSQ($B$6:$U$6))) -> 0.42640143 | E13: =SUMPRODUCT($B$4:$U$4,$B$7:$U$7)/(SQRT(SUMSQ($B$4:$U$4))*SQRT(SUMSQ($B$7:$U$7))) -> 0.14433757
A14: gato | B14: =SUMPRODUCT($B$5:$U$5,$B$4:$U$4)/(SQRT(SUMSQ($B$5:$U$5))*SQRT(SUMSQ($B$4:$U$4))) -> 0.625 | C14: =SUMPRODUCT($B$5:$U$5,$B$5:$U$5)/(SQRT(SUMSQ($B$5:$U$5))*SQRT(SUMSQ($B$5:$U$5))) -> 1 | D14: =SUMPRODUCT($B$5:$U$5,$B$6:$U$6)/(SQRT(SUMSQ($B$5:$U$5))*SQRT(SUMSQ($B$6:$U$6))) -> 0.42640143 | E14: =SUMPRODUCT($B$5:$U$5,$B$7:$U$7)/(SQRT(SUMSQ($B$5:$U$5))*SQRT(SUMSQ($B$7:$U$7))) -> 0.14433757
A15: conejo | B15: =SUMPRODUCT($B$6:$U$6,$B$4:$U$4)/(SQRT(SUMSQ($B$6:$U$6))*SQRT(SUMSQ($B$4:$U$4))) -> 0.42640143 | C15: =SUMPRODUCT($B$6:$U$6,$B$5:$U$5)/(SQRT(SUMSQ($B$6:$U$6))*SQRT(SUMSQ($B$5:$U$5))) -> 0.42640143 | D15: =SUMPRODUCT($B$6:$U$6,$B$6:$U$6)/(SQRT(SUMSQ($B$6:$U$6))*SQRT(SUMSQ($B$6:$U$6))) -> 1 | E15: =SUMPRODUCT($B$6:$U$6,$B$7:$U$7)/(SQRT(SUMSQ($B$6:$U$6))*SQRT(SUMSQ($B$7:$U$7))) -> 0
A16: auto | B16: =SUMPRODUCT($B$7:$U$7,$B$4:$U$4)/(SQRT(SUMSQ($B$7:$U$7))*SQRT(SUMSQ($B$4:$U$4))) -> 0.14433757 | C16: =SUMPRODUCT($B$7:$U$7,$B$5:$U$5)/(SQRT(SUMSQ($B$7:$U$7))*SQRT(SUMSQ($B$5:$U$5))) -> 0.14433757 | D16: =SUMPRODUCT($B$7:$U$7,$B$6:$U$6)/(SQRT(SUMSQ($B$7:$U$7))*SQRT(SUMSQ($B$6:$U$6))) -> 0 | E16: =SUMPRODUCT($B$7:$U$7,$B$7:$U$7)/(SQRT(SUMSQ($B$7:$U$7))*SQRT(SUMSQ($B$7:$U$7))) -> 1
A18: Compara esto con la Hoja 1: acá "auto" sale prácticamente sin relación con los tres animales (similitud ~0,14 con perro y gato, 0,00 con conejo) — justo lo que esperaríamos. La coocurrencia no se deja engañar por coincidencias accidentales, a diferencia de los rasgos elegidos a mano.

Sheet 4. Qué mejorar
A1: Qué se podría mejorar de este modelo de juguete
A3: Este Excel sirve para construir la intuición, pero no es un modelo de embeddings real. Esta tabla resume, punto por punto, qué se simplificó acá y cómo lo resuelven los modelos de verdad — los mismos que usan ChatGPT, Gemini y Claude.
B5: Limitación de este Excel | C5: Cómo lo resuelven los modelos reales
B6: Solo 6 a 20 dimensiones, elegidas o contadas a mano. | C6: Cientos o miles de dimensiones, ajustadas automáticamente durante el entrenamiento — nadie las elige a mano.
B7: Un corpus de apenas 30 oraciones. | C7: Se entrenan con miles de millones de oraciones: toda la web, libros, código, etc.
B8: Cuenta solo si dos palabras aparecen en la misma oración (todo o nada). | C8: Usan una ventana de palabras cercanas y aprenden los pesos con una red neuronal, en vez de solo contar coincidencias.
B9: Una palabra muy frecuente (como "agua") pesa igual que una muy distintiva (como "zanahoria"). | C9: Técnicas como TF-IDF, o el propio entrenamiento, bajan el peso de palabras genéricas y suben el de las que realmente ayudan a distinguir el significado.
B10: Cada palabra tiene un único vector fijo, sin importar la oración. | C10: Un Transformer genera un vector distinto para la misma palabra según el contexto (gracias a la atención): "banco" en una oración financiera y "banco" como asiento de plaza terminan con vectores distintos.
B11: El "entrenamiento" es contar una sola vez, sin ajuste posterior. | C11: Los vectores se ajustan millones de veces con descenso de gradiente, optimizando qué tan bien predicen el contexto real.

Sheet 5. El problema
A1: Opción C | problema: una palabra, un solo vector
A2: «Jaguar» es un felino y también una marca de autos. Si el modelo aprende un único vector para «jaguar», ese vector queda a medio camino entre los dos significados. Aquí lo simulamos como el promedio de «gato» y «auto».
A4: Palabra | B4: Tamaño (1-10) | C4: Hace ruido (1-10) | D4: Necesita paseos (1-10) | E4: Vive en jaula (1-10) | F4: Independencia (1-10) | G4: Cariñoso (1-10) | H4: Origen
A5: perro | B5: ='1. Rasgos manuales'!B4 -> 7 | C5: ='1. Rasgos manuales'!C4 -> 8 | D5: ='1. Rasgos manuales'!D4 -> 9 | E5: ='1. Rasgos manuales'!E4 -> 1 | F5: ='1. Rasgos manuales'!F4 -> 3 | G5: ='1. Rasgos manuales'!G4 -> 9 | H5: Hoja 1
A6: gato | B6: ='1. Rasgos manuales'!B5 -> 4 | C6: ='1. Rasgos manuales'!C5 -> 4 | D6: ='1. Rasgos manuales'!D5 -> 2 | E6: ='1. Rasgos manuales'!E5 -> 1 | F6: ='1. Rasgos manuales'!F5 -> 8 | G6: ='1. Rasgos manuales'!G5 -> 5 | H6: Hoja 1
A7: conejo | B7: ='1. Rasgos manuales'!B6 -> 3 | C7: ='1. Rasgos manuales'!C6 -> 1 | D7: ='1. Rasgos manuales'!D6 -> 2 | E7: ='1. Rasgos manuales'!E6 -> 8 | F7: ='1. Rasgos manuales'!F6 -> 5 | G7: ='1. Rasgos manuales'!G6 -> 6 | H7: Hoja 1
A8: auto | B8: ='1. Rasgos manuales'!B7 -> 10 | C8: ='1. Rasgos manuales'!C7 -> 10 | D8: ='1. Rasgos manuales'!D7 -> 0 | E8: ='1. Rasgos manuales'!E7 -> 0 | F8: ='1. Rasgos manuales'!F7 -> 0 | G8: ='1. Rasgos manuales'!G7 -> 0 | H8: Hoja 1
A9: jaguar | B9: =AVERAGE(B6,B8) -> 7 | C9: =AVERAGE(C6,C8) -> 7 | D9: =AVERAGE(D6,D8) -> 1 | E9: =AVERAGE(E6,E8) -> 0.5 | F9: =AVERAGE(F6,F8) -> 4 | G9: =AVERAGE(G6,G8) -> 2.5 | H9: Promedio de gato y auto
A11: ¿A quién se parece «jaguar» sin contexto? (similitud coseno, misma fórmula de la Hoja 1)
B12: perro | C12: gato | D12: conejo | E12: auto
A13: jaguar | B13: =SUMPRODUCT($B$9:$G$9,$B$5:$G$5)/(SQRT(SUMSQ($B$9:$G$9))*SQRT(SUMSQ($B$5:$G$5))) -> 0.80071082 | C13: =SUMPRODUCT($B$9:$G$9,$B$6:$G$6)/(SQRT(SUMSQ($B$9:$G$9))*SQRT(SUMSQ($B$6:$G$6))) -> 0.83246084 | D13: =SUMPRODUCT($B$9:$G$9,$B$7:$G$7)/(SQRT(SUMSQ($B$9:$G$9))*SQRT(SUMSQ($B$7:$G$7))) -> 0.53094991 | E13: =SUMPRODUCT($B$9:$G$9,$B$8:$G$8)/(SQRT(SUMSQ($B$9:$G$9))*SQRT(SUMSQ($B$8:$G$8))) -> 0.89810042
A14: Se parece casi igual a «gato» (0,83) que a «auto» (0,90). Con un solo vector, el modelo no puede saber de cuál «jaguar» le están hablando.
A16: La pregunta: ¿puede el contexto decidir de qué «jaguar» hablamos?
A17: Una persona resuelve la ambigüedad mirando las palabras de alrededor. La atención hace lo mismo con números: antes de decidir qué significa «jaguar», mezcla su vector con el de las otras palabras de la oración. Si al lado aparece «auto», el vector de jaguar debería correrse hacia auto; si aparece «gato», hacia gato. Para probarlo usamos dos oraciones con la misma palabra y distinto sentido:
B18: Oración | G18: Qué debería pasar
A19: A | B19: Mi vecino se compró un jaguar: es un auto rapidísimo. | G19: «jaguar» se acerca a «auto» (hoja 6)
A20: B | B20: El jaguar es un felino pariente del gato, y caza conejos. | G20: «jaguar» se acerca a «gato» (hoja 7)
A23: Un parámetro: la escala (nitidez)
A24: Segunda pregunta: ¿cuánto debe dejarse influir «jaguar» por sus vecinas? En la hoja 6 cada palabra recibe un puntaje según cuánto se parece a jaguar (incluida jaguar misma, que se parece 100% a sí misma). La escala multiplica esos puntajes antes de convertirlos en porcentajes: mientras más alta, más se agrandan las diferencias y más atención se lleva la palabra con puntaje más alto.
A26: Escala | B26: 5 | C26: ← valor que usan las hojas 6 y 7. Cámbialo y mira cómo se mueve el gráfico de la hoja 8.
A28: Ejemplo con la Oración A: cómo se reparte la atención de «jaguar» entre sí misma y «auto»
A29: Escala | B29: Atención a «jaguar» | C29: Atención a «auto» | D29: Qué significa
A30: 1 | B30: =EXP('6. Atención A'!$H$11*A30)/(EXP('6. Atención A'!$H$11*A30)+EXP('6. Atención A'!$H$12*A30)) -> 0.52545287 | C30: =1-B30 -> 0.47454713 | D30: Casi parejo: jaguar se mezcla mucho con su vecina, sin importar cuánto se parecen.
A31: 5 | B31: =EXP('6. Atención A'!$H$11*A31)/(EXP('6. Atención A'!$H$11*A31)+EXP('6. Atención A'!$H$12*A31)) -> 0.62468876 | C31: =1-B31 -> 0.37531124 | D31: El valor que usamos: jaguar conserva su significado pero el contexto lo mueve de forma visible.
A32: 20 | B32: =EXP('6. Atención A'!$H$11*A32)/(EXP('6. Atención A'!$H$11*A32)+EXP('6. Atención A'!$H$12*A32)) -> 0.8847286 | C32: =1-B32 -> 0.1152714 | D32: Jaguar casi solo se mira a sí misma: el contexto pesa poco y la ambigüedad vuelve.
A33: Idea para llevarse: muy baja, todo se vuelve un promedio sin forma; muy alta, la palabra ignora su contexto. Es el mismo dilema de la temperatura de la clase 1.

Sheet 6. Atención A
A1: Atención · Oración A: "Mi vecino se compró un jaguar: es un auto rapidísimo"
A2: Solo dejamos las palabras que tienen vector en la hoja 5. La pregunta: ¿cómo cambia el vector de «jaguar» después de mirar a las demás?
A4: Palabra a reinterpretar | B4: jaguar
A5: Escala | B5: ='5. El problema'!$B$26 -> 5
B7: Tamaño | C7: Hace ruido | D7: Necesita paseos | E7: Vive en jaula | F7: Independencia | G7: Cariñoso
A8: Vector original | B8: =INDEX('5. El problema'!$B$5:$B$9,MATCH($B$4,'5. El problema'!$A$5:$A$9,0)) -> 7 | C8: =INDEX('5. El problema'!$C$5:$C$9,MATCH($B$4,'5. El problema'!$A$5:$A$9,0)) -> 7 | D8: =INDEX('5. El problema'!$D$5:$D$9,MATCH($B$4,'5. El problema'!$A$5:$A$9,0)) -> 1 | E8: =INDEX('5. El problema'!$E$5:$E$9,MATCH($B$4,'5. El problema'!$A$5:$A$9,0)) -> 0.5 | F8: =INDEX('5. El problema'!$F$5:$F$9,MATCH($B$4,'5. El problema'!$A$5:$A$9,0)) -> 4 | G8: =INDEX('5. El problema'!$G$5:$G$9,MATCH($B$4,'5. El problema'!$A$5:$A$9,0)) -> 2.5
A10: Palabra de la oración | B10: Tamaño | C10: Hace ruido | D10: Necesita paseos | E10: Vive en jaula | F10: Independencia | G10: Cariñoso | H10: ① Puntaje (coseno con «jaguar») | I10: ② ① × escala | J10: ③ exp(②) | K10: ④ Peso de atención (③ / total) | L10: ⑤ Aporte Tamaño | M10: ⑤ Aporte Hace ruido | N10: ⑤ Aporte Necesita paseos | O10: ⑤ Aporte Vive en jaula | P10: ⑤ Aporte Independencia | Q10: ⑤ Aporte Cariñoso
A11: jaguar | B11: =IF($A11="","",INDEX('5. El problema'!$B$5:$B$9,MATCH($A11,'5. El problema'!$A$5:$A$9,0))) -> 7 | C11: =IF($A11="","",INDEX('5. El problema'!$C$5:$C$9,MATCH($A11,'5. El problema'!$A$5:$A$9,0))) -> 7 | D11: =IF($A11="","",INDEX('5. El problema'!$D$5:$D$9,MATCH($A11,'5. El problema'!$A$5:$A$9,0))) -> 1 | E11: =IF($A11="","",INDEX('5. El problema'!$E$5:$E$9,MATCH($A11,'5. El problema'!$A$5:$A$9,0))) -> 0.5 | F11: =IF($A11="","",INDEX('5. El problema'!$F$5:$F$9,MATCH($A11,'5. El problema'!$A$5:$A$9,0))) -> 4 | G11: =IF($A11="","",INDEX('5. El problema'!$G$5:$G$9,MATCH($A11,'5. El problema'!$A$5:$A$9,0))) -> 2.5 | H11: =IF($A11="","",SUMPRODUCT(B11:G11,$B$8:$G$8)/(SQRT(SUMSQ(B11:G11))*SQRT(SUMSQ($B$8:$G$8)))) -> 1 | I11: =IF($A11="","",H11*$B$5) -> 5 | J11: =IF($A11="",0,EXP(I11)) -> 148.41316 | K11: =J11/$J$13 -> 0.62468876 | L11: =IF($A11="",0,$K11*B11) -> 4.3728214 | M11: =IF($A11="",0,$K11*C11) -> 4.3728214 | N11: =IF($A11="",0,$K11*D11) -> 0.62468876 | O11: =IF($A11="",0,$K11*E11) -> 0.31234438 | P11: =IF($A11="",0,$K11*F11) -> 2.4987551 | Q11: =IF($A11="",0,$K11*G11) -> 1.5617219
A12: auto | B12: =IF($A12="","",INDEX('5. El problema'!$B$5:$B$9,MATCH($A12,'5. El problema'!$A$5:$A$9,0))) -> 10 | C12: =IF($A12="","",INDEX('5. El problema'!$C$5:$C$9,MATCH($A12,'5. El problema'!$A$5:$A$9,0))) -> 10 | D12: =IF($A12="","",INDEX('5. El problema'!$D$5:$D$9,MATCH($A12,'5. El problema'!$A$5:$A$9,0))) -> 0 | E12: =IF($A12="","",INDEX('5. El problema'!$E$5:$E$9,MATCH($A12,'5. El problema'!$A$5:$A$9,0))) -> 0 | F12: =IF($A12="","",INDEX('5. El problema'!$F$5:$F$9,MATCH($A12,'5. El problema'!$A$5:$A$9,0))) -> 0 | G12: =IF($A12="","",INDEX('5. El problema'!$G$5:$G$9,MATCH($A12,'5. El problema'!$A$5:$A$9,0))) -> 0 | H12: =IF($A12="","",SUMPRODUCT(B12:G12,$B$8:$G$8)/(SQRT(SUMSQ(B12:G12))*SQRT(SUMSQ($B$8:$G$8)))) -> 0.89810042 | I12: =IF($A12="","",H12*$B$5) -> 4.4905021 | J12: =IF($A12="",0,EXP(I12)) -> 89.166204 | K12: =J12/$J$13 -> 0.37531124 | L12: =IF($A12="",0,$K12*B12) -> 3.7531124 | M12: =IF($A12="",0,$K12*C12) -> 3.7531124 | N12: =IF($A12="",0,$K12*D12) -> 0 | O12: =IF($A12="",0,$K12*E12) -> 0 | P12: =IF($A12="",0,$K12*F12) -> 0 | Q12: =IF($A12="",0,$K12*G12) -> 0
A13: Total | J13: =SUM(J11:J12) -> 237.57936 | K13: =SUM(K11:K12) -> 1 | L13: =SUM(L11:L12) -> 8.1259337 | M13: =SUM(M11:M12) -> 8.1259337 | N13: =SUM(N11:N12) -> 0.62468876 | O13: =SUM(O11:O12) -> 0.31234438 | P13: =SUM(P11:P12) -> 2.4987551 | Q13: =SUM(Q11:Q12) -> 1.5617219
B15: Tamaño | C15: Hace ruido | D15: Necesita paseos | E15: Vive en jaula | F15: Independencia | G15: Cariñoso
A16: Nuevo vector de «jaguar» | B16: =L13 -> 8.1259337 | C16: =M13 -> 8.1259337 | D16: =N13 -> 0.62468876 | E16: =O13 -> 0.31234438 | F16: =P13 -> 2.4987551 | G16: =Q13 -> 1.5617219 | H16: ← suma de los aportes ⑤: un promedio ponderado de los vectores de la oración.
A17: Vector original | B17: =B8 -> 7 | C17: =C8 -> 7 | D17: =D8 -> 1 | E17: =E8 -> 0.5 | F17: =F8 -> 4 | G17: =G8 -> 2.5
A18: Cambio | B18: =B16-B17 -> 1.1259337 | C18: =C16-C17 -> 1.1259337 | D18: =D16-D17 -> -0.37531124 | E18: =E16-E17 -> -0.18765562 | F18: =F16-F17 -> -1.5012449 | G18: =G16-G17 -> -0.93827809
A20: ¿Se cumple? «jaguar» debería acercarse a «auto» y alejarse de «gato»
B21: Similitud con «auto» | C21: Similitud con «gato» | D21: Diferencia (auto − gato)
A22: Antes (sin contexto, hoja 5) | B22: =SUMPRODUCT($B$17:$G$17,'5. El problema'!$B$8:$G$8)/(SQRT(SUMSQ($B$17:$G$17))*SQRT(SUMSQ('5. El problema'!$B$8:$G$8))) -> 0.89810042 | C22: =SUMPRODUCT($B$17:$G$17,'5. El problema'!$B$6:$G$6)/(SQRT(SUMSQ($B$17:$G$17))*SQRT(SUMSQ('5. El problema'!$B$6:$G$6))) -> 0.83246084 | D22: =B22-C22 -> 0.065639578
A23: Después de la atención | B23: =SUMPRODUCT($B$16:$G$16,'5. El problema'!$B$8:$G$8)/(SQRT(SUMSQ($B$16:$G$16))*SQRT(SUMSQ('5. El problema'!$B$8:$G$8))) -> 0.96698892 | C23: =SUMPRODUCT($B$16:$G$16,'5. El problema'!$B$6:$G$6)/(SQRT(SUMSQ($B$16:$G$16))*SQRT(SUMSQ('5. El problema'!$B$6:$G$6))) -> 0.70741127 | D23: =B23-C23 -> 0.25957765
A24: Cambio | B24: =B23-B22 -> 0.068888497 | C24: =C23-C22 -> -0.12504957 | D24: =D23-D22 -> 0.19393807
A26: Conslusión | B26: =IF(AND(B24>0,C24<0),"Sí se cumple: «jaguar» se acercó a «auto» (de "&FIXED(B22,2)&" a "&FIXED(B23,2)&") y se alejó de «gato» (de "&FIXED(C22,2)&" a "&FIXED(C23,2)&").","No se cumple del todo: revisa la escala o las palabras de la oración.") -> Sí se cumple: «jaguar» se acercó a «auto» (de 0,90 a 0,97) y se alejó de «gato» (de 0,83 a 0,71).
A27: Antes, la diferencia entre ambas similitudes era pequeña: el modelo no distinguía. Mientras más grande la diferencia después de la atención, más claro quedó el significado.

Sheet 7. Atención B
A1: Atención · Oración B: El jaguar es un felino pariente del gato, y caza conejos"
A2: Solo dejamos las palabras que tienen vector en la hoja 5. La pregunta: ¿cómo cambia el vector de «jaguar» después de mirar a las demás?
A4: Palabra a reinterpretar | B4: jaguar
A5: Escala | B5: ='5. El problema'!$B$26 -> 5
B7: Tamaño | C7: Hace ruido | D7: Necesita paseos | E7: Vive en jaula | F7: Independencia | G7: Cariñoso
A8: Vector original | B8: =INDEX('5. El problema'!$B$5:$B$9,MATCH($B$4,'5. El problema'!$A$5:$A$9,0)) -> 7 | C8: =INDEX('5. El problema'!$C$5:$C$9,MATCH($B$4,'5. El problema'!$A$5:$A$9,0)) -> 7 | D8: =INDEX('5. El problema'!$D$5:$D$9,MATCH($B$4,'5. El problema'!$A$5:$A$9,0)) -> 1 | E8: =INDEX('5. El problema'!$E$5:$E$9,MATCH($B$4,'5. El problema'!$A$5:$A$9,0)) -> 0.5 | F8: =INDEX('5. El problema'!$F$5:$F$9,MATCH($B$4,'5. El problema'!$A$5:$A$9,0)) -> 4 | G8: =INDEX('5. El problema'!$G$5:$G$9,MATCH($B$4,'5. El problema'!$A$5:$A$9,0)) -> 2.5
A10: Palabra de la oración | B10: Tamaño | C10: Hace ruido | D10: Necesita paseos | E10: Vive en jaula | F10: Independencia | G10: Cariñoso | H10: ① Puntaje (coseno con «jaguar») | I10: ② ① × escala | J10: ③ exp(②) | K10: ④ Peso de atención (③ / total) | L10: ⑤ Aporte Tamaño | M10: ⑤ Aporte Hace ruido | N10: ⑤ Aporte Necesita paseos | O10: ⑤ Aporte Vive en jaula | P10: ⑤ Aporte Independencia | Q10: ⑤ Aporte Cariñoso
A11: jaguar | B11: =IF($A11="","",INDEX('5. El problema'!$B$5:$B$9,MATCH($A11,'5. El problema'!$A$5:$A$9,0))) -> 7 | C11: =IF($A11="","",INDEX('5. El problema'!$C$5:$C$9,MATCH($A11,'5. El problema'!$A$5:$A$9,0))) -> 7 | D11: =IF($A11="","",INDEX('5. El problema'!$D$5:$D$9,MATCH($A11,'5. El problema'!$A$5:$A$9,0))) -> 1 | E11: =IF($A11="","",INDEX('5. El problema'!$E$5:$E$9,MATCH($A11,'5. El problema'!$A$5:$A$9,0))) -> 0.5 | F11: =IF($A11="","",INDEX('5. El problema'!$F$5:$F$9,MATCH($A11,'5. El problema'!$A$5:$A$9,0))) -> 4 | G11: =IF($A11="","",INDEX('5. El problema'!$G$5:$G$9,MATCH($A11,'5. El problema'!$A$5:$A$9,0))) -> 2.5 | H11: =IF($A11="","",SUMPRODUCT(B11:G11,$B$8:$G$8)/(SQRT(SUMSQ(B11:G11))*SQRT(SUMSQ($B$8:$G$8)))) -> 1 | I11: =IF($A11="","",H11*$B$5) -> 5 | J11: =IF($A11="",0,EXP(I11)) -> 148.41316 | K11: =J11/$J$14 -> 0.6542235 | L11: =IF($A11="",0,$K11*B11) -> 4.5795645 | M11: =IF($A11="",0,$K11*C11) -> 4.5795645 | N11: =IF($A11="",0,$K11*D11) -> 0.6542235 | O11: =IF($A11="",0,$K11*E11) -> 0.32711175 | P11: =IF($A11="",0,$K11*F11) -> 2.616894 | Q11: =IF($A11="",0,$K11*G11) -> 1.6355588
A12: gato | B12: =IF($A12="","",INDEX('5. El problema'!$B$5:$B$9,MATCH($A12,'5. El problema'!$A$5:$A$9,0))) -> 4 | C12: =IF($A12="","",INDEX('5. El problema'!$C$5:$C$9,MATCH($A12,'5. El problema'!$A$5:$A$9,0))) -> 4 | D12: =IF($A12="","",INDEX('5. El problema'!$D$5:$D$9,MATCH($A12,'5. El problema'!$A$5:$A$9,0))) -> 2 | E12: =IF($A12="","",INDEX('5. El problema'!$E$5:$E$9,MATCH($A12,'5. El problema'!$A$5:$A$9,0))) -> 1 | F12: =IF($A12="","",INDEX('5. El problema'!$F$5:$F$9,MATCH($A12,'5. El problema'!$A$5:$A$9,0))) -> 8 | G12: =IF($A12="","",INDEX('5. El problema'!$G$5:$G$9,MATCH($A12,'5. El problema'!$A$5:$A$9,0))) -> 5 | H12: =IF($A12="","",SUMPRODUCT(B12:G12,$B$8:$G$8)/(SQRT(SUMSQ(B12:G12))*SQRT(SUMSQ($B$8:$G$8)))) -> 0.83246084 | I12: =IF($A12="","",H12*$B$5) -> 4.1623042 | J12: =IF($A12="",0,EXP(I12)) -> 64.219327 | K12: =J12/$J$14 -> 0.28308671 | L12: =IF($A12="",0,$K12*B12) -> 1.1323468 | M12: =IF($A12="",0,$K12*C12) -> 1.1323468 | N12: =IF($A12="",0,$K12*D12) -> 0.56617342 | O12: =IF($A12="",0,$K12*E12) -> 0.28308671 | P12: =IF($A12="",0,$K12*F12) -> 2.2646937 | Q12: =IF($A12="",0,$K12*G12) -> 1.4154335
A13: conejo | B13: =IF($A13="","",INDEX('5. El problema'!$B$5:$B$9,MATCH($A13,'5. El problema'!$A$5:$A$9,0))) -> 3 | C13: =IF($A13="","",INDEX('5. El problema'!$C$5:$C$9,MATCH($A13,'5. El problema'!$A$5:$A$9,0))) -> 1 | D13: =IF($A13="","",INDEX('5. El problema'!$D$5:$D$9,MATCH($A13,'5. El problema'!$A$5:$A$9,0))) -> 2 | E13: =IF($A13="","",INDEX('5. El problema'!$E$5:$E$9,MATCH($A13,'5. El problema'!$A$5:$A$9,0))) -> 8 | F13: =IF($A13="","",INDEX('5. El problema'!$F$5:$F$9,MATCH($A13,'5. El problema'!$A$5:$A$9,0))) -> 5 | G13: =IF($A13="","",INDEX('5. El problema'!$G$5:$G$9,MATCH($A13,'5. El problema'!$A$5:$A$9,0))) -> 6 | H13: =IF($A13="","",SUMPRODUCT(B13:G13,$B$8:$G$8)/(SQRT(SUMSQ(B13:G13))*SQRT(SUMSQ($B$8:$G$8)))) -> 0.53094991 | I13: =IF($A13="","",H13*$B$5) -> 2.6547496 | J13: =IF($A13="",0,EXP(I13)) -> 14.221424 | K13: =J13/$J$14 -> 0.06268979 | L13: =IF($A13="",0,$K13*B13) -> 0.18806937 | M13: =IF($A13="",0,$K13*C13) -> 0.06268979 | N13: =IF($A13="",0,$K13*D13) -> 0.12537958 | O13: =IF($A13="",0,$K13*E13) -> 0.50151832 | P13: =IF($A13="",0,$K13*F13) -> 0.31344895 | Q13: =IF($A13="",0,$K13*G13) -> 0.37613874
A14: Total | J14: =SUM(J11:J13) -> 226.85391 | K14: =SUM(K11:K13) -> 1 | L14: =SUM(L11:L13) -> 5.8999807 | M14: =SUM(M11:M13) -> 5.7746011 | N14: =SUM(N11:N13) -> 1.3457765 | O14: =SUM(O11:O13) -> 1.1117168 | P14: =SUM(P11:P13) -> 5.1950366 | Q14: =SUM(Q11:Q13) -> 3.427131
B16: Tamaño | C16: Hace ruido | D16: Necesita paseos | E16: Vive en jaula | F16: Independencia | G16: Cariñoso
A17: Nuevo vector de «jaguar» | B17: =L14 -> 5.8999807 | C17: =M14 -> 5.7746011 | D17: =N14 -> 1.3457765 | E17: =O14 -> 1.1117168 | F17: =P14 -> 5.1950366 | G17: =Q14 -> 3.427131 | H17: ← suma de los aportes ⑤: un promedio ponderado de los vectores de la oración.
A18: Vector original | B18: =B8 -> 7 | C18: =C8 -> 7 | D18: =D8 -> 1 | E18: =E8 -> 0.5 | F18: =F8 -> 4 | G18: =G8 -> 2.5
A19: Cambio | B19: =B17-B18 -> -1.1000193 | C19: =C17-C18 -> -1.2253989 | D19: =D17-D18 -> 0.3457765 | E19: =E17-E18 -> 0.61171678 | F19: =F17-F18 -> 1.1950366 | G19: =G17-G18 -> 0.92713104
A21: ¿Se cumple? «jaguar» debería acercarse a «gato» y alejarse de «auto»
B22: Similitud con «gato» | C22: Similitud con «auto» | D22: Diferencia (gato − auto)
A23: Antes (sin contexto, hoja 5) | B23: =SUMPRODUCT($B$18:$G$18,'5. El problema'!$B$6:$G$6)/(SQRT(SUMSQ($B$18:$G$18))*SQRT(SUMSQ('5. El problema'!$B$6:$G$6))) -> 0.83246084 | C23: =SUMPRODUCT($B$18:$G$18,'5. El problema'!$B$8:$G$8)/(SQRT(SUMSQ($B$18:$G$18))*SQRT(SUMSQ('5. El problema'!$B$8:$G$8))) -> 0.89810042 | D23: =B23-C23 -> -0.065639578
A24: Después de la atención | B24: =SUMPRODUCT($B$17:$G$17,'5. El problema'!$B$6:$G$6)/(SQRT(SUMSQ($B$17:$G$17))*SQRT(SUMSQ('5. El problema'!$B$6:$G$6))) -> 0.92780508 | C24: =SUMPRODUCT($B$17:$G$17,'5. El problema'!$B$8:$G$8)/(SQRT(SUMSQ($B$17:$G$17))*SQRT(SUMSQ('5. El problema'!$B$8:$G$8))) -> 0.7873276 | D24: =B24-C24 -> 0.14047747
A25: Cambio | B25: =B24-B23 -> 0.095344237 | C25: =C24-C23 -> -0.11077281 | D25: =D24-D23 -> 0.20611705
A27: Conslusión | B27: =IF(AND(B25>0,C25<0),"Sí se cumple: «jaguar» se acercó a «gato» (de "&FIXED(B23,2)&" a "&FIXED(B24,2)&") y se alejó de «auto» (de "&FIXED(C23,2)&" a "&FIXED(C24,2)&").","No se cumple del todo: revisa la escala o las palabras de la oración.") -> Sí se cumple: «jaguar» se acercó a «gato» (de 0,83 a 0,93) y se alejó de «auto» (de 0,90 a 0,79).
A28: Antes, la diferencia entre ambas similitudes era pequeña: el modelo no distinguía. Mientras más grande la diferencia después de la atención, más claro quedó el significado.

Sheet 8. Comparación
A1: El mismo «jaguar», dos significados
A2: Similitud coseno, igual que en las hojas 1 y 3: 1 = misma dirección, 0 = nada en común.
A4: Vector | B4: Tamaño | C4: Hace ruido | D4: Necesita paseos | E4: Vive en jaula | F4: Independencia | G4: Cariñoso | H4: Similitud con «gato» | I4: Similitud con «auto»
A5: gato | B5: ='5. El problema'!B6 -> 4 | C5: ='5. El problema'!C6 -> 4 | D5: ='5. El problema'!D6 -> 2 | E5: ='5. El problema'!E6 -> 1 | F5: ='5. El problema'!F6 -> 8 | G5: ='5. El problema'!G6 -> 5 | H5: =SUMPRODUCT($B$5:$G$5,$B$5:$G$5)/(SQRT(SUMSQ($B$5:$G$5))*SQRT(SUMSQ($B$5:$G$5))) -> 1 | I5: =SUMPRODUCT($B$5:$G$5,$B$6:$G$6)/(SQRT(SUMSQ($B$5:$G$5))*SQRT(SUMSQ($B$6:$G$6))) -> 0.50395263
A6: auto | B6: ='5. El problema'!B8 -> 10 | C6: ='5. El problema'!C8 -> 10 | D6: ='5. El problema'!D8 -> 0 | E6: ='5. El problema'!E8 -> 0 | F6: ='5. El problema'!F8 -> 0 | G6: ='5. El problema'!G8 -> 0 | H6: =SUMPRODUCT($B$6:$G$6,$B$5:$G$5)/(SQRT(SUMSQ($B$6:$G$6))*SQRT(SUMSQ($B$5:$G$5))) -> 0.50395263 | I6: =SUMPRODUCT($B$6:$G$6,$B$6:$G$6)/(SQRT(SUMSQ($B$6:$G$6))*SQRT(SUMSQ($B$6:$G$6))) -> 1
A7: jaguar sin contexto | B7: ='5. El problema'!B9 -> 7 | C7: ='5. El problema'!C9 -> 7 | D7: ='5. El problema'!D9 -> 1 | E7: ='5. El problema'!E9 -> 0.5 | F7: ='5. El problema'!F9 -> 4 | G7: ='5. El problema'!G9 -> 2.5 | H7: =SUMPRODUCT($B$7:$G$7,$B$5:$G$5)/(SQRT(SUMSQ($B$7:$G$7))*SQRT(SUMSQ($B$5:$G$5))) -> 0.83246084 | I7: =SUMPRODUCT($B$7:$G$7,$B$6:$G$6)/(SQRT(SUMSQ($B$7:$G$7))*SQRT(SUMSQ($B$6:$G$6))) -> 0.89810042
A8: jaguar en Oración A (auto) | B8: ='6. Atención A'!B16 -> 8.1259337 | C8: ='6. Atención A'!C16 -> 8.1259337 | D8: ='6. Atención A'!D16 -> 0.62468876 | E8: ='6. Atención A'!E16 -> 0.31234438 | F8: ='6. Atención A'!F16 -> 2.4987551 | G8: ='6. Atención A'!G16 -> 1.5617219 | H8: =SUMPRODUCT($B$8:$G$8,$B$5:$G$5)/(SQRT(SUMSQ($B$8:$G$8))*SQRT(SUMSQ($B$5:$G$5))) -> 0.70741127 | I8: =SUMPRODUCT($B$8:$G$8,$B$6:$G$6)/(SQRT(SUMSQ($B$8:$G$8))*SQRT(SUMSQ($B$6:$G$6))) -> 0.96698892
A9: jaguar en Oración B (felino) | B9: ='7. Atención B'!B17 -> 5.8999807 | C9: ='7. Atención B'!C17 -> 5.7746011 | D9: ='7. Atención B'!D17 -> 1.3457765 | E9: ='7. Atención B'!E17 -> 1.1117168 | F9: ='7. Atención B'!F17 -> 5.1950366 | G9: ='7. Atención B'!G17 -> 3.427131 | H9: =SUMPRODUCT($B$9:$G$9,$B$5:$G$5)/(SQRT(SUMSQ($B$9:$G$9))*SQRT(SUMSQ($B$5:$G$5))) -> 0.92780508 | I9: =SUMPRODUCT($B$9:$G$9,$B$6:$G$6)/(SQRT(SUMSQ($B$9:$G$9))*SQRT(SUMSQ($B$6:$G$6))) -> 0.7873276
A11: Lectura: sin contexto, «jaguar» está a mitad de camino. Después de la atención, en la Oración A se acerca a «auto» y en la B se acerca a «gato». Es el mismo mecanismo; lo único que cambió fueron las palabras vecinas.
F13: Un Transformer hace exactamente esto, con vectores de miles de dimensiones, para todas las palabras a la vez, con muchas «cabezas» de atención en paralelo y repetido en decenas de capas. Dos simplificaciones nuestras: (1) el puntaje real es un producto punto dividido por la raíz de la dimensión, no el coseno; (2) en el modelo real cada vector se transforma primero en tres versiones aprendidas (consulta, clave y valor). Aquí usamos el mismo vector para las tres.
