Workbook
Name v_auto: '1. Rasgos manuales'!$B$7:$G$7
Name v_conejo: '1. Rasgos manuales'!$B$6:$G$6
Name v_gato: '1. Rasgos manuales'!$B$5:$G$5
Name v_perro: '1. Rasgos manuales'!$B$4:$G$4

Sheet Instrucciones
A1: Cómo construir un modelo de embeddings en Excel — perro, gato, conejo y auto
A3: Un embedding es solo una lista de números que representa una palabra. Aquí vas a construir dos versiones con la misma idea de fondo: medir qué tan "cerca" están dos palabras comparando sus vectores. Se agregó un cuarto elemento, "auto", que no tiene nada que ver con los animales, para comprobar que el modelo lo nota — y para ver qué pasa cuando no lo nota.
A5: Hoja "1. Rasgos manuales"
A6: Tú eliges las características (tamaño, ruido que hace, etc.) y les pones un puntaje del 1 al 10 a cada palabra. Rápido de armar, pero subjetivo. Incluye la fórmula de similitud coseno explicada paso a paso.
A8: Hoja "2. Corpus"
A9: Un grupo de oraciones de ejemplo que mencionan a los tres animales, más seis oraciones sobre "auto" al final. Esto hace de "datos de entrenamiento".
A11: Hoja "3. Coocurrencia"
A12: El vector de cada palabra se arma contando, con fórmulas, cuántas veces aparece junto a cada palabra de contexto. Así se calculan los embeddings de verdad: nadie los elige a mano, emergen de los datos.
A14: Hoja "4. Qué mejorar"
A15: Un resumen honesto de qué se simplificó en este ejercicio y cómo lo resuelven los modelos de embeddings reales — los mismos que usan ChatGPT, Gemini y Claude.

Sheet 1. Rasgos manuales
A1: Opción A | Rasgos elegidos a mano (rápido, pero subjetivo)
A3: Palabra | B3: Tamaño (1-10) | C3: Hace ruido (1-10) | D3: Necesita paseos (1-10) | E3: Vive en jaula (1-10) | F3: Independencia (1-10) | G3: Cariñoso (1-10)
A4: perro | B4: 7 | C4: 8 | D4: 9 | E4: 1 | F4: 3 | G4: 9
A5: gato | B5: 4 | C5: 4 | D5: 2 | E5: 1 | F5: 8 | G5: 5
A6: conejo | B6: 3 | C6: 1 | D6: 2 | E6: 8 | F6: 5 | G6: 6
A7: auto | B7: 10 | C7: 10 | D7: 0 | E7: 0 | F7: 0 | G7: 0
A10: ¿Qué es la similitud coseno?
A11: similitud(A, B) = (A · B) / (|A| × |B|)
A12: A · B es el producto punto entre los dos vectores: multiplicas cada par de números y sumas (en Excel, SUMPRODUCT). |A| y |B| son el "largo" de cada vector: la raíz cuadrada de la suma de sus números al cuadrado (en Excel, SQRT(SUMSQ)). El resultado va de -1 a 1: 1 significa que los dos vectores apuntan exactamente en la misma dirección, 0 que no comparten ninguna dirección en común, y los negativos que apuntan en direcciones opuestas.
A13: ¿Por qué coseno y no solo distancia? Porque el coseno solo mira la dirección del vector, no su tamaño. Un vector [2,2] y otro [10,10] dan similitud 1: misma dirección, aunque uno sea diez veces "más grande". Eso es justo lo que importa al comparar palabras: el patrón de contextos, no cuántas veces en total aparece cada una.
A15: Matriz de similitud (coseno) — 1 = idénticos, 0 = nada en común
B16: perro | C16: gato | D16: conejo | E16: auto
A17: perro | B17: =SUMPRODUCT($B$4:$G$4,$B$4:$G$4)/(SQRT(SUMSQ($B$4:$G$4))*SQRT(SUMSQ($B$4:$G$4))) -> 1 | C17: =SUMPRODUCT($B$4:$G$4,$B$5:$G$5)/(SQRT(SUMSQ($B$4:$G$4))*SQRT(SUMSQ($B$5:$G$5))) -> 0.78100536 | D17: =SUMPRODUCT($B$4:$G$4,$B$6:$G$6)/(SQRT(SUMSQ($B$4:$G$4))*SQRT(SUMSQ($B$6:$G$6))) -> 0.62300546 | E17: =SUMPRODUCT($B$4:$G$4,$B$7:$G$7)/(SQRT(SUMSQ($B$4:$G$4))*SQRT(SUMSQ($B$7:$G$7))) -> 0.62828086
A18: gato | B18: =SUMPRODUCT($B$5:$G$5,$B$4:$G$4)/(SQRT(SUMSQ($B$5:$G$5))*SQRT(SUMSQ($B$4:$G$4))) -> 0.78100536 | C18: =SUMPRODUCT($B$5:$G$5,$B$5:$G$5)/(SQRT(SUMSQ($B$5:$G$5))*SQRT(SUMSQ($B$5:$G$5))) -> 1 | D18: =SUMPRODUCT($B$5:$G$5,$B$6:$G$6)/(SQRT(SUMSQ($B$5:$G$5))*SQRT(SUMSQ($B$6:$G$6))) -> 0.74051422 | E18: =SUMPRODUCT($B$5:$G$5,$B$7:$G$7)/(SQRT(SUMSQ($B$5:$G$5))*SQRT(SUMSQ($B$7:$G$7))) -> 0.50395263
A19: conejo | B19: =SUMPRODUCT($B$6:$G$6,$B$4:$G$4)/(SQRT(SUMSQ($B$6:$G$6))*SQRT(SUMSQ($B$4:$G$4))) -> 0.62300546 | C19: =SUMPRODUCT($B$6:$G$6,$B$5:$G$5)/(SQRT(SUMSQ($B$6:$G$6))*SQRT(SUMSQ($B$5:$G$5))) -> 0.74051422 | D19: =SUMPRODUCT($B$6:$G$6,$B$6:$G$6)/(SQRT(SUMSQ($B$6:$G$6))*SQRT(SUMSQ($B$6:$G$6))) -> 1 | E19: =SUMPRODUCT($B$6:$G$6,$B$7:$G$7)/(SQRT(SUMSQ($B$6:$G$6))*SQRT(SUMSQ($B$7:$G$7))) -> 0.23990406
A20: auto | B20: =SUMPRODUCT($B$7:$G$7,$B$4:$G$4)/(SQRT(SUMSQ($B$7:$G$7))*SQRT(SUMSQ($B$4:$G$4))) -> 0.62828086 | C20: =SUMPRODUCT($B$7:$G$7,$B$5:$G$5)/(SQRT(SUMSQ($B$7:$G$7))*SQRT(SUMSQ($B$5:$G$5))) -> 0.50395263 | D20: =SUMPRODUCT($B$7:$G$7,$B$6:$G$6)/(SQRT(SUMSQ($B$7:$G$7))*SQRT(SUMSQ($B$6:$G$6))) -> 0.23990406 | E20: =SUMPRODUCT($B$7:$G$7,$B$7:$G$7)/(SQRT(SUMSQ($B$7:$G$7))*SQRT(SUMSQ($B$7:$G$7))) -> 1
A22: Ojo con valor abosluto sobre un valor vs vector

Sheet 2. Corpus
A1: Corpus: oraciones de ejemplo (hacen de "datos de entrenamiento")
A3: # | B3: Oración
A4: 1 | B4: El perro es una mascota muy fiel.
A5: 2 | B5: El gato es una mascota independiente.
A6: 3 | B6: El conejo es una mascota tranquila.
A7: 4 | B7: Llevamos al perro al veterinario.
A8: 5 | B8: Llevamos al gato al veterinario.
A9: 6 | B9: Llevamos al conejo al veterinario.
A10: 7 | B10: El perro vive en mi casa.
A11: 8 | B11: El gato vive en mi casa.
A12: 9 | B12: El conejo vive en una jaula en el patio.
A13: 10 | B13: Le compré comida especial al perro.
A14: 11 | B14: Le compré comida especial al gato.
A15: 12 | B15: Le compré comida especial al conejo.
... A33: 30 | B33: Estaciono el auto en el garaje todas las noches.

Sheet 3. Coocurrencia
A1: Opcion B | El vector de cada palabra = cuántas veces aparece junto a cada palabra de contexto
A3: Palabra | B3: mascota | C3: veterinario | D3: comida | E3: agua | F3: casa | G3: ladra | H3: correa | I3: cola | J3: maúlla | K3: araña | L3: ronronea | M3: jaula | N3: salta | O3: zanahoria | P3: orejas | Q3: gasolina | R3: maneja | S3: ruedas | T3: motor | U3: garaje
A4: perro | B4: =SUMPRODUCT(ISNUMBER(SEARCH($A4,'2. Corpus'!$B$4:$B$33))*ISNUMBER(SEARCH(B$3,'2. Corpus'!$B$4:$B$33))) -> 1 | C4: =SUMPRODUCT(ISNUMBER(SEARCH($A4,'2. Corpus'!$B$4:$B$33))*ISNUMBER(SEARCH(C$3,'2. Corpus'!$B$4:$B$33))) -> 1 | D4: =SUMPRODUCT(ISNUMBER(SEARCH($A4,'2. Corpus'!$B$4:$B$33))*ISNUMBER(SEARCH(D$3,'2. Corpus'!$B$4:$B$33))) -> 1 | E4: =SUMPRODUCT(ISNUMBER(SEARCH($A4,'2. Corpus'!$B$4:$B$33))*ISNUMBER(SEARCH(E$3,'2. Corpus'!$B$4:$B$33))) -> 1 | F4: =SUMPRODUCT(ISNUMBER(SEARCH($A4,'2. Corpus'!$B$4:$B$33))*ISNUMBER(SEARCH(F$3,'2. Corpus'!$B$4:$B$33))) -> 1 | G4: =SUMPRODUCT(ISNUMBER(SEARCH($A4,'2. Corpus'!$B$4:$B$33))*ISNUMBER(SEARCH(G$3,'2. Corpus'!$B$4:$B$33))) -> 1 | H4: =SUMPRODUCT(ISNUMBER(SEARCH($A4,'2. Corpus'!$B$4:$B$33))*ISNUMBER(SEARCH(H$3,'2. Corpus'!$B$4:$B$33))) -> 1 | I4: =SUMPRODUCT(ISNUMBER(SEARCH($A4,'2. Corpus'!$B$4:$B$33))*ISNUMBER(SEARCH(I$3,'2. Corpus'!$B$4:$B$33))) -> 1 | ... U4: =SUMPRODUCT(ISNUMBER(SEARCH($A4,'2. Corpus'!$B$4:$B$33))*ISNUMBER(SEARCH(U$3,'2. Corpus'!$B$4:$B$33))) -> 0
A5: gato | B5: =SUMPRODUCT(ISNUMBER(SEARCH($A5,'2. Corpus'!$B$4:$B$33))*ISNUMBER(SEARCH(B$3,'2. Corpus'!$B$4:$B$33))) -> 1 | C5: =SUMPRODUCT(ISNUMBER(SEARCH($A5,'2. Corpus'!$B$4:$B$33))*ISNUMBER(SEARCH(C$3,'2. Corpus'!$B$4:$B$33))) -> 1 | D5: =SUMPRODUCT(ISNUMBER(SEARCH($A5,'2. Corpus'!$B$4:$B$33))*ISNUMBER(SEARCH(D$3,'2. Corpus'!$B$4:$B$33))) -> 1 | E5: =SUMPRODUCT(ISNUMBER(SEARCH($A5,'2. Corpus'!$B$4:$B$33))*ISNUMBER(SEARCH(E$3,'2. Corpus'!$B$4:$B$33))) -> 1 | F5: =SUMPRODUCT(ISNUMBER(SEARCH($A5,'2. Corpus'!$B$4:$B$33))*ISNUMBER(SEARCH(F$3,'2. Corpus'!$B$4:$B$33))) -> 1 | G5: =SUMPRODUCT(ISNUMBER(SEARCH($A5,'2. Corpus'!$B$4:$B$33))*ISNUMBER(SEARCH(G$3,'2. Corpus'!$B$4:$B$33))) -> 0 | H5: =SUMPRODUCT(ISNUMBER(SEARCH($A5,'2. Corpus'!$B$4:$B$33))*ISNUMBER(SEARCH(H$3,'2. Corpus'!$B$4:$B$33))) -> 0 | I5: =SUMPRODUCT(ISNUMBER(SEARCH($A5,'2. Corpus'!$B$4:$B$33))*ISNUMBER(SEARCH(I$3,'2. Corpus'!$B$4:$B$33))) -> 0 | ... U5: =SUMPRODUCT(ISNUMBER(SEARCH($A5,'2. Corpus'!$B$4:$B$33))*ISNUMBER(SEARCH(U$3,'2. Corpus'!$B$4:$B$33))) -> 0
A6: conejo | B6: =SUMPRODUCT(ISNUMBER(SEARCH($A6,'2. Corpus'!$B$4:$B$33))*ISNUMBER(SEARCH(B$3,'2. Corpus'!$B$4:$B$33))) -> 1 | C6: =SUMPRODUCT(ISNUMBER(SEARCH($A6,'2. Corpus'!$B$4:$B$33))*ISNUMBER(SEARCH(C$3,'2. Corpus'!$B$4:$B$33))) -> 1 | D6: =SUMPRODUCT(ISNUMBER(SEARCH($A6,'2. Corpus'!$B$4:$B$33))*ISNUMBER(SEARCH(D$3,'2. Corpus'!$B$4:$B$33))) -> 1 | E6: =SUMPRODUCT(ISNUMBER(SEARCH($A6,'2. Corpus'!$B$4:$B$33))*ISNUMBER(SEARCH(E$3,'2. Corpus'!$B$4:$B$33))) -> 1 | F6: =SUMPRODUCT(ISNUMBER(SEARCH($A6,'2. Corpus'!$B$4:$B$33))*ISNUMBER(SEARCH(F$3,'2. Corpus'!$B$4:$B$33))) -> 0 | G6: =SUMPRODUCT(ISNUMBER(SEARCH($A6,'2. Corpus'!$B$4:$B$33))*ISNUMBER(SEARCH(G$3,'2. Corpus'!$B$4:$B$33))) -> 0 | H6: =SUMPRODUCT(ISNUMBER(SEARCH($A6,'2. Corpus'!$B$4:$B$33))*ISNUMBER(SEARCH(H$3,'2. Corpus'!$B$4:$B$33))) -> 0 | I6: =SUMPRODUCT(ISNUMBER(SEARCH($A6,'2. Corpus'!$B$4:$B$33))*ISNUMBER(SEARCH(I$3,'2. Corpus'!$B$4:$B$33))) -> 0 | ... U6: =SUMPRODUCT(ISNUMBER(SEARCH($A6,'2. Corpus'!$B$4:$B$33))*ISNUMBER(SEARCH(U$3,'2. Corpus'!$B$4:$B$33))) -> 0
A7: auto | B7: =SUMPRODUCT(ISNUMBER(SEARCH($A7,'2. Corpus'!$B$4:$B$33))*ISNUMBER(SEARCH(B$3,'2. Corpus'!$B$4:$B$33))) -> 0 | C7: =SUMPRODUCT(ISNUMBER(SEARCH($A7,'2. Corpus'!$B$4:$B$33))*ISNUMBER(SEARCH(C$3,'2. Corpus'!$B$4:$B$33))) -> 0 | D7: =SUMPRODUCT(ISNUMBER(SEARCH($A7,'2. Corpus'!$B$4:$B$33))*ISNUMBER(SEARCH(D$3,'2. Corpus'!$B$4:$B$33))) -> 0 | E7: =SUMPRODUCT(ISNUMBER(SEARCH($A7,'2. Corpus'!$B$4:$B$33))*ISNUMBER(SEARCH(E$3,'2. Corpus'!$B$4:$B$33))) -> 0 | F7: =SUMPRODUCT(ISNUMBER(SEARCH($A7,'2. Corpus'!$B$4:$B$33))*ISNUMBER(SEARCH(F$3,'2. Corpus'!$B$4:$B$33))) -> 1 | G7: =SUMPRODUCT(ISNUMBER(SEARCH($A7,'2. Corpus'!$B$4:$B$33))*ISNUMBER(SEARCH(G$3,'2. Corpus'!$B$4:$B$33))) -> 0 | H7: =SUMPRODUCT(ISNUMBER(SEARCH($A7,'2. Corpus'!$B$4:$B$33))*ISNUMBER(SEARCH(H$3,'2. Corpus'!$B$4:$B$33))) -> 0 | I7: =SUMPRODUCT(ISNUMBER(SEARCH($A7,'2. Corpus'!$B$4:$B$33))*ISNUMBER(SEARCH(I$3,'2. Corpus'!$B$4:$B$33))) -> 0 | ... U7: =SUMPRODUCT(ISNUMBER(SEARCH($A7,'2. Corpus'!$B$4:$B$33))*ISNUMBER(SEARCH(U$3,'2. Corpus'!$B$4:$B$33))) -> 1
A10: Misma fórmula que en la Hoja 1: similitud(A, B) = (A · B) / (|A| × |B|) — revisa esa hoja para la explicación completa de cada parte.
A11: Matriz de similitud (coseno), calculada desde el corpus
B12: perro | C12: gato | D12: conejo | E12: auto
A13: perro | B13: =SUMPRODUCT($B$4:$U$4,$B$4:$U$4)/(SQRT(SUMSQ($B$4:$U$4))*SQRT(SUMSQ($B$4:$U$4))) -> 1 | C13: =SUMPRODUCT($B$4:$U$4,$B$5:$U$5)/(SQRT(SUMSQ($B$4:$U$4))*SQRT(SUMSQ($B$5:$U$5))) -> 0.625 | D13: =SUMPRODUCT($B$4:$U$4,$B$6:$U$6)/(SQRT(SUMSQ($B$4:$U$4))*SQRT(SUMSQ($B$6:$U$6))) -> 0.42640143 | E13: =SUMPRODUCT($B$4:$U$4,$B$7:$U$7)/(SQRT(SUMSQ($B$4:$U$4))*SQRT(SUMSQ($B$7:$U$7))) -> 0.14433757
A14: gato | B14: =SUMPRODUCT($B$5:$U$5,$B$4:$U$4)/(SQRT(SUMSQ($B$5:$U$5))*SQRT(SUMSQ($B$4:$U$4))) -> 0.625 | C14: =SUMPRODUCT($B$5:$U$5,$B$5:$U$5)/(SQRT(SUMSQ($B$5:$U$5))*SQRT(SUMSQ($B$5:$U$5))) -> 1 | D14: =SUMPRODUCT($B$5:$U$5,$B$6:$U$6)/(SQRT(SUMSQ($B$5:$U$5))*SQRT(SUMSQ($B$6:$U$6))) -> 0.42640143 | E14: =SUMPRODUCT($B$5:$U$5,$B$7:$U$7)/(SQRT(SUMSQ($B$5:$U$5))*SQRT(SUMSQ($B$7:$U$7))) -> 0.14433757
A15: conejo | B15: =SUMPRODUCT($B$6:$U$6,$B$4:$U$4)/(SQRT(SUMSQ($B$6:$U$6))*SQRT(SUMSQ($B$4:$U$4))) -> 0.42640143 | C15: =SUMPRODUCT($B$6:$U$6,$B$5:$U$5)/(SQRT(SUMSQ($B$6:$U$6))*SQRT(SUMSQ($B$5:$U$5))) -> 0.42640143 | D15: =SUMPRODUCT($B$6:$U$6,$B$6:$U$6)/(SQRT(SUMSQ($B$6:$U$6))*SQRT(SUMSQ($B$6:$U$6))) -> 1 | E15: =SUMPRODUCT($B$6:$U$6,$B$7:$U$7)/(SQRT(SUMSQ($B$6:$U$6))*SQRT(SUMSQ($B$7:$U$7))) -> 0
A16: auto | B16: =SUMPRODUCT($B$7:$U$7,$B$4:$U$4)/(SQRT(SUMSQ($B$7:$U$7))*SQRT(SUMSQ($B$4:$U$4))) -> 0.14433757 | C16: =SUMPRODUCT($B$7:$U$7,$B$5:$U$5)/(SQRT(SUMSQ($B$7:$U$7))*SQRT(SUMSQ($B$5:$U$5))) -> 0.14433757 | D16: =SUMPRODUCT($B$7:$U$7,$B$6:$U$6)/(SQRT(SUMSQ($B$7:$U$7))*SQRT(SUMSQ($B$6:$U$6))) -> 0 | E16: =SUMPRODUCT($B$7:$U$7,$B$7:$U$7)/(SQRT(SUMSQ($B$7:$U$7))*SQRT(SUMSQ($B$7:$U$7))) -> 1
A18: Compara esto con la Hoja 1: acá "auto" sale prácticamente sin relación con los tres animales (similitud ~0,14 con perro y gato, 0,00 con conejo) — justo lo que esperaríamos. La coocurrencia no se deja engañar por coincidencias accidentales, a diferencia de los rasgos elegidos a mano.

Sheet 4. Qué mejorar
A1: Qué se podría mejorar de este modelo de juguete
A3: Este Excel sirve para construir la intuición, pero no es un modelo de embeddings real. Esta tabla resume, punto por punto, qué se simplificó acá y cómo lo resuelven los modelos de verdad — los mismos que usan ChatGPT, Gemini y Claude.
B5: Limitación de este Excel | C5: Cómo lo resuelven los modelos reales
B6: Solo 6 a 20 dimensiones, elegidas o contadas a mano. | C6: Cientos o miles de dimensiones, ajustadas automáticamente durante el entrenamiento — nadie las elige a mano.
B7: Un corpus de apenas 30 oraciones. | C7: Se entrenan con miles de millones de oraciones: toda la web, libros, código, etc.
B8: Cuenta solo si dos palabras aparecen en la misma oración (todo o nada). | C8: Usan una ventana de palabras cercanas y aprenden los pesos con una red neuronal, en vez de solo contar coincidencias.
B9: Una palabra muy frecuente (como "agua") pesa igual que una muy distintiva (como "zanahoria"). | C9: Técnicas como TF-IDF, o el propio entrenamiento, bajan el peso de palabras genéricas y suben el de las que realmente ayudan a distinguir el significado.
B10: Cada palabra tiene un único vector fijo, sin importar la oración. | C10: Un Transformer genera un vector distinto para la misma palabra según el contexto (gracias a la atención): "banco" en una oración financiera y "banco" como asiento de plaza terminan con vectores distintos.
B11: El "entrenamiento" es contar una sola vez, sin ajuste posterior. | C11: Los vectores se ajustan millones de veces con descenso de gradiente, optimizando qué tan bien predicen el contexto real.
